position_id,phase,burst_size,label,client_rtt_ms,fill_to_decision_ms,fill_to_oanda_ms,fill_to_ack_ms,stage:api: campaign lookup (db),stage:api: store open trade (db),stage:api: publish trade_opened (redis),stage:api: queue setup (redis xgroup_create x2),stage:api: xadd (redis),stage:queue wait (xadd -> worker read),stage:worker: read trader cache (redis),stage:worker: count closed trades (db),stage:worker: build features (cpu),stage:worker: judge http (client total),stage:worker: store judge prediction (db),stage:worker: publish decision (redis),dur:api.campaign_lookup,dur:api.close_received,dur:api.http_request,dur:api.open_received,dur:api.publish_trade_opened,dur:api.queue_setup,dur:api.store_close_trade,dur:api.store_open_trade,dur:api.xadd_close,dur:api.xadd_open,dur:close.apply_close_to_cache,dur:close.apply_close_to_results,dur:close.load_trade,dur:close.oanda_snapshot,dur:close.publish_campaign_results,dur:close.publish_trade_closed,dur:close.results_db_reads,dur:close.store_and_commit,dur:judge.client_setup,dur:judge.post,dur:judge.score_trade,dur:judge.server_handle,dur:open.build_features,dur:open.count_closed_trades,dur:open.judge_http,dur:open.oanda_snapshot,dur:open.publish_decision,dur:open.publish_status,dur:open.read_trader_cache,dur:open.store_judge_prediction,dur:open.store_live_prices,dur:open.update_status,dur:worker.ack,dur:worker.pipeline_close,dur:worker.pipeline_open,dur:worker.xreadgroup_returned
79096367600001,close,1,single,12.283,,,423.569432,1.871091,,,0.356335,,0.447335,,,,,,,1.8710909999999998,0.0,7.584114,,,0.35633499999999996,3.523598,,0.287543,,1.150712,0.79042,2.038091,396.719491,0.183709,0.5745439999999999,3.3680960000000004,9.758621999999999,,,,,,,,,,,,,,,0.207501,415.70415,,0.0
79096367600001,open,1,single,24.075,88.793651,717.04823,726.10092,5.442998,6.167629,1.126883,0.408628,0.407962,1.400468,1.496511,9.661821,0.462462,47.26118,8.384312,0.670547,5.442997999999999,,16.56258,0.0,1.126883,0.408628,,6.167629,,0.407962,,,,,,,,,7.078093,39.578748,21.826451000000002,25.571854,0.462462,9.661821,47.26118,628.250079,0.670547,,1.496511,8.384312,8.325269,,0.607088,,705.0582659999999,0.0
79096367600002,close,1,single,11.894,,,582.173022,1.590465,,,0.470752,,0.856795,,,,,,,1.590465,0.0,7.161742,,,0.470752,3.559225,,0.358044,,1.168547,0.547211,2.799847,558.8666189999999,0.123292,0.258543,3.727518,5.839944999999999,,,,,,,,,,,,,,,0.174959,574.1117750000001,,0.0
79096367600002,open,1,single,8.721,240.457205,950.942822,962.245153,1.170634,2.992564,0.309836,0.21821,0.326919,1.015925,7.941599,112.833445,0.25196,97.630875,11.122747,0.316627,1.170634,,5.907335,0.0,0.309836,0.21821000000000002,,2.992564,,0.32691899999999996,,,,,,,,,80.459084,16.813955,9.115066,10.681119,0.25196,112.83344500000001,97.630875,710.481492,0.316627,,7.941599,11.122746999999999,10.799078,,0.397169,,951.773327,0.0
79096367600003,close,1,single,15.811,,,583.493711,1.055383,,,0.500795,,1.025632,,,,,,,1.055383,0.0,12.773421,,,0.500795,9.506857,,0.297878,,2.2724740000000003,1.1367159999999998,69.328476,394.200163,0.172543,0.490879,4.990325,9.00327,,,,,,,,,,,,,,,0.228252,566.630178,,0.0
79096367600003,open,1,single,8.948,196.362358,708.470008,716.813442,1.061091,2.854604,0.22846,0.18821,0.241044,0.78488,6.718756,86.670451,0.173501,76.927298,16.439575,0.45242,1.0610909999999998,,5.627624,0.0,0.22846,0.18821000000000002,,2.8546039999999997,,0.241044,,,,,,,,,62.59578,13.949974000000001,3.7196100000000003,4.81466,0.17350100000000002,86.670451,76.927298,512.101483,0.45242,,6.718756,16.439575,7.793056,,0.46917000000000003,,707.6397519999999,0.0
79096367600004,close,1,single,13.689,,,563.57628,1.669966,,,0.320418,,0.733837,,,,,,,1.6699659999999998,0.0,8.083912,,,0.320418,4.573271,,0.342127,,0.8087949999999999,0.638503,2.791221,535.5964009999999,0.151001,0.441002,3.3661399999999997,10.147714,,,,,,,,,,,,,,,0.170167,554.8205740000001,,0.0
79096367600004,open,1,single,9.046,194.014132,675.775482,685.117341,0.993883,3.892611,0.258085,0.217709,0.248293,0.756255,7.321802,84.697062,0.213751,79.200648,11.871793,0.725588,0.9938830000000001,,6.544588,0.0,0.25808499999999995,0.217709,,3.892611,,0.248293,,,,,,,,,69.232327,9.4674,2.921188,3.693735,0.213751,84.697062,79.200648,481.75447499999996,0.725588,,7.321802,11.871793,8.812563,,0.43017,,674.9573519999999,0.0
79096367600005,close,1,single,12.437,,,557.043221,1.768424,,,0.375626,,0.892129,,,,,,,1.768424,0.0,7.4154040000000006,,,0.37562599999999996,3.301096,,0.296043,,1.3403800000000001,0.639586,4.4300180000000005,532.8880429999999,0.173042,0.385418,1.704256,5.602314000000001,,,,,,,,,,,,,,,0.182917,548.2573540000001,,0.0
79096367600005,open,1,single,10.032,54.775554,497.635492,509.995829,1.279634,3.846944,0.29521,0.215252,0.296169,1.078591,1.333593,12.407587,0.647629,21.808113,7.783972,0.47717,1.279634,,6.88684,0.0,0.29521,0.215252,,3.846944,,0.29616899999999996,,,,,,,,,7.029175,14.148434,2.9862710000000003,4.210571,0.647629,12.407587,21.808113000000002,442.855272,0.47717000000000004,,1.333593,7.7839719999999994,11.234204,,0.973132,,499.12850199999997,0.0
79096367600006,close,1,single,16.455,,,901.619788,2.298004,,,0.509709,,0.617168,,,,,,,2.2980039999999997,0.0,11.344854999999999,,,0.509709,6.272929,,0.407084,,1.228919,0.534584,1.634962,880.750539,0.12675,0.266084,1.071877,3.475382,,,,,,,,,,,,,,,0.14425,889.899765,,0.0
79096367600006,open,1,single,23.228,206.598779,640.138118,646.283744,2.739769,7.77393,0.470837,0.555878,0.394502,1.518969,9.94732,83.366666,0.189043,82.893622,10.555282,0.286211,2.739769,,16.878576000000002,0.0,0.470837,0.5558780000000001,,7.77393,,0.394502,,,,,,,,,74.133935,8.504976000000001,2.554768,3.3105230000000003,0.18904300000000002,83.366666,82.89362200000001,433.534173,0.286211,,9.94732,10.555282,5.6217049999999995,,0.46317,,626.755941,0.0
79096367600007,close,1,single,16.728,,,746.584514,2.954928,,,0.49946,,0.922045,,,,,,,2.9549279999999998,0.0,10.852914,,,0.49945999999999996,4.928601,,0.429085,,1.416964,0.810628,2.7346350000000004,709.7398810000001,0.206126,0.806212,7.311192999999999,9.581659,,,,,,,,,,,,,,,0.27108499999999996,734.23551,,0.0
79096367600007,open,1,single,11.9,31.127468,439.494554,443.321997,1.62322,4.832659,0.370044,0.232002,0.232794,0.417294,0.871465,1.848346,0.083209,16.077863,3.036563,0.581546,1.62322,,8.512768,0.0,0.370044,0.232002,,4.832659,,0.232794,,,,,,,,,6.1390020000000005,9.689110000000001,3.372274,4.546407,0.083209,1.848346,16.077863,408.362586,0.581546,,0.871465,3.036563,3.34394,,0.40942,,434.403434,0.0
79096367600008,close,4,burst-second,11.021,,,397.245336,1.552798,,,0.348043,,0.466126,,,,,,,1.552798,0.0,6.686195,,,0.348043,3.207055,,0.257001,,1.211672,0.760587,1.803715,371.308227,0.149208,0.507669,5.736898,7.258947,,,,,,,,,,,,,,,0.354752,390.031888,,0.0
79096367600008,open,4,burst-second,24.547,39.81619,408.968515,414.104799,3.219564,12.169792,0.272752,0.13346,0.26271,0.47617,0.38742,1.618344,0.1335,16.444905,3.017145,0.343128,3.2195639999999996,,18.352293000000003,0.0,0.272752,0.13346,,12.169792,,0.26271,,,,,,,,,4.7633659999999995,11.367495000000002,5.474578999999999,6.372293,0.1335,1.618344,16.444905,369.147658,0.343128,,0.38742000000000004,3.017145,4.743616,,0.329418,,396.03367599999996,0.0
79096367600009,close,4,burst-second,9.783,,,401.962747,1.247212,,,0.461876,,0.375335,,,,,,,1.247212,0.0,6.204309,,,0.46187599999999995,3.084842,,0.309834,,1.08117,0.8097530000000001,1.3712950000000002,382.133941,0.203458,0.6698350000000001,1.746422,6.540518,,,,,,,,,,,,,,,0.18762600000000001,395.559438,,0.0
79096367600009,open,4,burst-second,42.588,57.34806,576.979085,581.781367,15.231521,7.372675,4.996618,0.482128,0.977048,0.334336,0.683963,1.539427,0.150834,17.75958,4.706866,0.69313,15.231521,,32.388264,0.0,4.996618000000001,0.482128,,7.372675,,0.977048,,,,,,,,,7.18409,10.282779,3.701359,4.675366,0.150834,1.5394269999999999,17.759580000000003,519.62365,0.69313,,0.683963,4.706866,4.486031,,0.25645999999999997,,549.942399,0.0
79096367600010,close,4,burst-second,7.163,,,528.229237,0.850881,,,0.254043,,0.379628,,,,,,,0.850881,0.0,4.426488,,,0.254043,2.317516,,0.202543,,0.815673,1.028424,1.4941769999999999,508.707354,0.21912600000000002,0.397586,3.213272,6.699587,,,,,,,,,,,,,,,0.17091800000000001,523.477121,,0.0
79096367600010,open,4,burst-second,50.063,199.921122,594.890833,602.572594,11.798539,7.124215,3.717234,6.428252,0.880756,1.356801,5.936374,73.033918,0.133042,66.492665,13.336008,0.241668,11.798539,,39.31276999999999,0.0,3.717234,6.4282520000000005,,7.124215,,0.880756,,,,,,,,,56.543096,9.654149,2.9931460000000003,3.792652,0.133042,73.033918,66.49266499999999,394.96575199999995,0.241668,,5.936374,13.336008,7.109882,,0.423586,,561.6279790000001,0.0
79096367600011,close,4,burst-second,16.319,,,549.918004,2.051423,,,0.430876,,0.767211,,,,,,,2.0514229999999998,0.0,11.005447,,,0.430876,6.627852,,0.335626,,1.5337960000000002,0.849877,3.87576,512.276192,0.200084,0.823585,5.036514,11.341156000000002,,,,,,,,,,,,,,,0.242209,537.4413440000001,,0.0
79096367600011,open,4,burst-second,40.355,78.204162,590.529386,599.26078,13.459843,9.034437,2.804478,0.63238,0.247501,0.944548,1.870597,13.880304,0.404044,22.272153,4.86745,0.43542,13.459843000000001,,30.358209,0.0,2.804478,0.6323799999999999,,9.034437,,0.247501,,,,,,,,,6.838214,15.008685999999999,2.893603,3.824943,0.40404399999999996,13.880304,22.272153,512.319016,0.43542000000000003,,1.870597,4.86745,8.14389,,0.46242,,564.689209,0.0
79096367600012,close,1,single,16.925,,,424.747575,3.41639,,,0.536252,,0.620461,,,,,,,3.41639,0.0,11.746426999999999,,,0.536252,5.6278999999999995,,0.416794,,1.079338,0.538252,1.760008,400.368384,0.132167,0.56896,2.388844,5.144814,,,,,,,,,,,,,,,0.137626,412.73298,,0.0
79096367600012,open,1,single,9.371,224.168247,657.976724,667.163454,0.945964,4.499197,0.281752,0.129126,0.145585,0.613462,6.495586,79.615171,0.759464,111.186013,16.42678,0.270877,0.945964,,6.727171,0.0,0.281752,0.12912600000000002,,4.499197000000001,,0.14558500000000002,,,,,,,,,97.006416,13.835303,3.184771,6.761463,0.759464,79.615171,111.186013,433.805352,0.27087700000000003,,6.495586,16.426779999999997,8.696227,,0.398295,,657.5947219999999,0.0
79096367600013,close,1,single,7.647,,,411.366116,0.910961,,,0.334834,,0.276543,,,,,,,0.910961,0.0,4.917349,,,0.334834,2.704384,,0.180459,,0.7253780000000001,0.625293,0.964337,396.30327600000004,0.166708,0.355209,1.420338,4.869807,,,,,,,,,,,,,,,0.241542,406.198557,,0.0
79096367600013,open,1,single,8.564,228.023149,829.889306,837.027187,1.101257,3.27623,0.201126,0.167502,0.200959,0.651588,10.777615,107.569071,0.176252,88.934569,11.504579,0.237044,1.1012570000000002,,5.8312479999999995,0.0,0.201126,0.167502,,3.27623,,0.200959,,,,,,,,,76.48164999999999,12.125416999999999,4.081487,4.918076,0.17625200000000002,107.569071,88.934569,601.8623660000001,0.237044,,10.777614999999999,11.504579,6.673587,,0.386877,,828.083585,0.0
79096367600014,close,1,single,7.252,,,454.717038,0.903962,,,0.245959,,0.370376,,,,,,,0.903962,0.0,4.478555999999999,,,0.245959,2.3143409999999998,,0.280167,,0.668085,0.5165019999999999,0.9989199999999999,442.051123,0.126875,0.248334,1.2209619999999999,3.456719,,,,,,,,,,,,,,,0.136709,449.893439,,0.0
79096367600014,open,1,single,9.832,176.414865,712.408658,723.557192,1.157716,3.588108,0.298044,0.243876,0.180418,0.76838,5.38612,69.266471,0.179418,75.157552,15.911358,0.395544,1.157716,,6.435461,0.0,0.298044,0.243876,,3.588108,,0.180418,,,,,,,,,62.872136,11.870123,3.419398,4.766616,0.179418,69.26647100000001,75.157552,535.989542,0.395544,,5.38612,15.911358,10.28782,,0.781172,,713.00737,0.0
79096367600015,close,1,single,7.359,,,646.023346,1.318964,,,0.264043,,0.298668,,,,,,,1.318964,0.0,4.957481,,,0.264043,2.302552,,0.174917,,0.631377,0.682253,1.283006,622.277698,0.182668,1.1858389999999999,3.2880979999999997,10.086337,,,,,,,,,,,,,,,0.179209,640.6552800000001,,0.0
79096367600015,open,1,single,7.554,53.896408,563.344521,573.232212,0.999799,2.785144,0.216835,0.249044,0.184335,0.796922,1.425509,18.373709,0.461629,20.006677,5.556788,0.429503,0.999799,,5.219328000000001,0.0,0.216835,0.24904400000000002,,2.785144,,0.184335,,,,,,,,,7.236924,12.398375,2.736852,3.627191,0.461629,18.373708999999998,20.006677,509.442946,0.42950299999999997,,1.425509,5.556787999999999,9.009102,,0.74788,,565.228824,0.0
79096367600016,close,1,single,17.128,,,676.144026,2.675464,,,0.475543,,0.73946,,,,,,,2.675464,0.0,11.191775999999999,,,0.475543,5.526846,,0.516501,,1.242045,0.529418,2.348214,652.083637,0.114667,0.204793,2.14888,5.101679,,,,,,,,,,,,,,,0.131667,664.5107489999999,,0.0
79096367600016,open,1,single,7.684,50.059632,481.91546,484.759479,0.916465,2.855936,0.224918,0.16146,0.177917,0.427169,0.577838,2.601393,0.086542,36.33908,4.757449,0.227627,0.9164650000000001,,5.119744,0.0,0.224918,0.16146000000000002,,2.8559360000000003,,0.177917,,,,,,,,,25.981552,10.093319,2.89827,3.703734,0.08654200000000001,2.601393,36.33908,431.851078,0.227627,,0.577838,4.757448999999999,2.43935,,0.339336,,479.069398,0.0
79096367600017,close,1,single,13.197,,,755.185834,1.741585,,,0.455542,,0.454084,,,,,,,1.741585,0.0,9.240263,,,0.45554199999999995,5.229341000000001,,0.284834,,1.151127,0.7417509999999999,1.671503,734.624596,0.143,0.374876,1.267169,5.1371329999999995,,,,,,,,,,,,,,,0.188917,745.941529,,0.0
79096367600017,open,1,single,14.966,31.336625,590.672854,597.461191,2.313266,4.896116,0.31271,0.254377,0.294544,0.601337,1.011924,2.45035,0.066876,14.236762,3.027187,0.35321,2.313266,,9.781482,0.0,0.31271,0.254377,,4.896116,,0.294544,,,,,,,,,5.478993999999999,8.513931000000001,2.9976860000000003,3.949193,0.066876,2.45035,14.236762,559.331187,0.35320999999999997,,1.011924,3.027187,5.859872,,0.8354640000000001,,586.5599520000001,0.0
79096367600018,close,1,single,6.795,,,565.23078,0.965751,,,0.258209,,0.699584,,,,,,,0.965751,0.0,4.47584,,,0.258209,2.214503,,0.192292,,2.638379,1.556335,8.617762,530.985191,0.307542,0.47250099999999995,4.4873389999999995,8.268762,,,,,,,,,,,,,,,0.218,559.212647,,0.0
79096367600018,open,1,single,10.083,31.369994,454.987192,458.555006,1.419551,3.480355,0.350502,0.369002,0.413378,0.492336,0.369503,2.209389,0.075083,16.793359,4.559196,0.288543,1.419551,,7.014171,0.0,0.35050200000000004,0.369002,,3.480355,,0.41337799999999997,,,,,,,,,4.744363999999999,11.696784,5.648912,6.90292,0.075083,2.2093890000000003,16.793359,423.61078100000003,0.288543,,0.36950299999999997,4.559196,3.190645,,0.30883499999999997,,451.32825199999996,0.0
79096367600019,close,1,single,16.168,,,810.129893,2.172212,,,0.426709,,0.673751,,,,,,,2.172212,0.0,10.699558000000001,,,0.426709,6.108593,,0.44875099999999996,,1.345252,0.973293,1.780836,773.311088,0.212417,0.446001,6.35826,13.361227999999999,,,,,,,,,,,,,,,0.214583,798.974168,,0.0
79096367600019,open,1,single,13.014,28.613186,426.794244,429.597304,1.777553,3.521523,0.357628,0.210293,0.390919,0.703629,0.567962,2.13368,0.096125,13.685755,2.944644,0.264086,1.7775530000000002,,7.992468,0.0,0.357628,0.210293,,3.521523,,0.39091899999999996,,,,,,,,,3.816941,9.653062,3.286188,4.913074,0.096125,2.13368,13.685754999999999,398.176808,0.264086,,0.567962,2.944644,2.477474,,0.283752,,420.544036,0.0
79096367600020,close,1,single,6.844,,,422.73315,0.915209,,,0.272875,,0.282417,,,,,,,0.9152089999999999,0.0,4.3743810000000005,,,0.272875,2.237629,,0.180875,,0.803918,0.720668,0.972252,409.977759,0.145625,0.216001,1.094585,3.500963,,,,,,,,,,,,,,,0.167208,418.135519,,0.0
79096367600020,open,1,single,8.391,22.910605,411.388676,414.940907,0.991548,3.213521,0.225376,0.178043,0.192751,0.383836,0.481586,1.654428,0.062292,11.420324,3.093311,0.273085,0.991548,,5.708578,0.0,0.225376,0.178043,,3.213521,,0.192751,,,,,,,,,4.238777,7.000586,2.7828090000000003,3.615815,0.062292,1.654428,11.420324,388.47457099999997,0.27308499999999997,,0.481586,3.0933110000000004,3.177645,,0.32771,,408.780035,0.0
79096367600021,close,1,single,11.45,,,484.731636,1.232211,,,0.403167,,0.602876,,,,,,,1.232211,0.0,6.919636000000001,,,0.403167,3.522964,,0.528792,,1.15496,0.680376,1.389961,463.802394,0.193333,0.9072100000000001,1.574211,7.047804,,,,,,,,,,,,,,,0.200292,477.752458,,0.0
79096367600021,open,1,single,10.698,27.312255,725.268295,731.313167,1.058757,5.084907,0.29071,0.211293,0.297502,0.441419,0.356961,1.686844,0.116876,13.557294,3.14602,0.217543,1.0587570000000002,,7.816883,0.0,0.29070999999999997,0.211293,,5.084907,,0.297502,,,,,,,,,4.270444,9.069182000000001,3.828357,4.778447,0.11687600000000001,1.686844,13.557294,697.95279,0.21754300000000001,,0.35696100000000003,3.14602,5.248949,,0.680504,,722.497694,0.0
79096367600022,close,1,single,13.404,,,553.612761,2.123711,,,0.351334,,0.443418,,,,,,,2.1237109999999997,0.0,9.064637000000001,,,0.351334,4.847589,,0.264959,,1.13821,0.916751,1.965253,531.810775,0.167708,0.7111259999999999,1.5381269999999998,5.164215,,,,,,,,,,,,,,,0.17083299999999998,544.3071239999999,,0.0
79096367600022,open,1,single,19.09,30.052678,645.29955,652.530675,2.302722,7.186209,0.326086,0.248752,0.355377,0.490336,0.738213,1.530425,0.072626,12.763867,2.446473,0.275169,2.302722,,12.024654,0.0,0.326086,0.248752,,7.186209,,0.355377,,,,,,,,,4.959237,7.598962,2.8315590000000004,3.987357,0.07262600000000001,1.530425,12.763867,615.243123,0.275169,,0.738213,2.446473,6.599372000000001,,0.5320860000000001,,639.858767,0.0
79096367600023,close,1,single,6.977,,,487.895124,0.961543,,,0.241667,,0.290501,,,,,,,0.961543,0.0,4.363963,,,0.241667,2.238419,,0.210876,,0.717751,0.603167,0.995127,473.14335700000004,0.192667,0.6548339999999999,1.294919,5.106046999999999,,,,,,,,,,,,,,,0.21775,483.336202,,0.0
79096367600023,open,1,single,8.801,21.564791,547.372738,549.497292,1.088714,2.974975,0.216293,0.20171,0.24871,0.349669,0.534378,1.395759,0.054667,11.214314,2.548264,0.233001,1.088714,,6.1376599999999994,0.0,0.216293,0.20171,,2.9749749999999997,,0.24871000000000001,,,,,,,,,4.073856,6.9540820000000005,2.7658490000000002,3.61573,0.054667,1.395759,11.214314,525.804113,0.233001,,0.534378,2.548264,1.826385,,0.261918,,543.737217,0.0
79096367600024,close,1,single,15.35,,,459.713774,2.099255,,,0.406168,,0.51471,,,,,,,2.0992550000000003,0.0,9.719896,,,0.40616800000000003,5.3333450000000004,,0.306084,,1.114877,0.55721,1.629545,440.39831599999997,0.135042,0.209167,0.9579610000000001,3.9493,,,,,,,,,,,,,,,0.134917,449.656502,,0.0
79096367600024,open,1,single,16.178,30.124339,936.689,942.360365,2.074012,6.177577,0.385836,0.25296,0.280793,0.494211,0.734337,1.838552,0.082043,13.888912,2.483973,0.22046,2.074012,,10.623227,0.0,0.385836,0.25296,,6.177577,,0.280793,,,,,,,,,5.371655,8.345631,2.917058,4.038481,0.082043,1.838552,13.888912,906.56012,0.22046000000000002,,0.734337,2.4839729999999998,4.885445,,0.680254,,930.891924,0.0
79096367600025,close,1,single,7.267,,,422.200765,0.962293,,,0.248292,,0.286667,,,,,,,0.962293,0.0,4.793545,,,0.248292,2.563002,,0.189458,,0.7956259999999999,0.895042,1.127501,403.851294,0.214625,0.880167,1.874293,6.6577969999999995,,,,,,,,,,,,,,,0.201208,417.191596,,0.0
79096367600025,open,1,single,15.989,33.409093,442.04202,446.687003,2.372262,4.576149,0.443627,0.277501,0.440794,0.648837,0.729546,1.758592,0.098376,14.715745,6.03449,0.256168,2.372262,,9.564717,0.0,0.443627,0.277501,,4.576149,,0.44079399999999996,,,,,,,,,5.256819,9.213382,4.157313,5.250319,0.098376,1.7585920000000002,14.715745,408.628011,0.256168,,0.729546,6.03449,4.131855,,0.437711,,436.52986599999997,0.0
79096367600026,close,1,single,7.425,,,440.000209,0.961127,,,0.303084,,0.328709,,,,,,,0.961127,0.0,4.750631,,,0.303084,2.515462,,0.181959,,1.057543,0.569918,1.444002,425.19548,0.110459,0.334459,1.196085,4.287923,,,,,,,,,,,,,,,0.148959,434.92965999999996,,0.0
79096367600026,open,1,single,7.49,22.966913,595.754687,600.745797,0.964338,2.833265,0.226709,0.200001,0.261793,0.416169,0.691921,1.39209,0.080292,12.173856,2.832723,0.252543,0.9643379999999999,,5.226902,0.0,0.226709,0.200001,,2.833265,,0.261793,,,,,,,,,3.80027,8.177959,2.933057,3.788645,0.080292,1.3920899999999998,12.173855999999999,572.783608,0.252543,,0.691921,2.832723,4.3855640000000005,,0.505377,,594.7890150000001,0.0
79096367600027,close,5,burst-second,7.881,,,496.991101,1.043918,,,0.262209,,0.482584,,,,,,,1.043918,0.0,5.314216999999999,,,0.262209,2.839922,,0.313459,,0.794043,0.728293,1.743878,476.246066,0.15725,0.392584,2.115004,8.282431,,,,,,,,,,,,,,,0.219875,491.31505,,0.0
79096367600027,open,5,burst-second,31.747,60.032225,513.182218,515.813773,1.812842,15.004911,0.766087,0.620961,1.774593,1.147506,0.745129,2.255761,0.140584,29.798862,6.180365,0.346877,1.812842,,21.096358,0.0,0.766087,0.620961,,15.004911,,1.774593,,,,,,,,,5.564861,23.978706,7.5464139999999995,17.11863,0.14058400000000001,2.255761,29.798862,453.146076,0.346877,,0.745129,6.180365,2.322346,,0.262584,,495.1075,0.0
79096367600028,close,5,burst-second,6.704,,,589.76163,0.81071,,,0.232709,,0.326292,,,,,,,0.81071,0.0,4.458921999999999,,,0.232709,2.4577530000000003,,0.25729199999999997,,0.771293,0.6706259999999999,0.764293,569.297856,0.173833,0.503251,1.595044,10.463929,,,,,,,,,,,,,,,0.246792,585.065041,,0.0
79096367600028,open,5,burst-second,47.534,64.350163,525.676782,527.938043,15.386038,12.912441,0.263043,0.261584,0.197126,0.343502,0.576836,1.4378,0.066042,24.069832,4.13773,0.442585,15.386038000000001,,33.341712,0.0,0.263043,0.261584,,12.912441000000001,,0.197126,,,,,,,,,4.099021,19.711434,9.842051,13.171234,0.066042,1.4378,24.069831999999998,461.322493,0.442585,,0.576836,4.1377299999999995,1.978093,,0.228834,,494.230412,0.0
79096367600029,close,5,burst-second,7.961,,,517.874907,0.768918,,,0.329292,,0.420334,,,,,,,0.768918,0.0,5.436256,,,0.329292,2.3835859999999998,,0.233,,1.082501,0.589251,1.214877,493.515338,0.128625,0.278375,4.788589,10.573387,,,,,,,,,,,,,,,0.156584,513.134193,,0.0
79096367600029,open,5,burst-second,23.223,59.560556,1853.314752,1857.989442,3.449142,5.877156,1.052881,0.926297,0.193751,0.29196,0.630462,5.138651,0.104917,28.94519,9.04713,0.282501,3.4491419999999997,,15.526579,0.0,1.0528810000000002,0.926297,,5.877156,,0.193751,,,,,,,,,5.232902,23.351036,9.222256,18.846263,0.104917,5.138650999999999,28.94519,1793.749779,0.282501,,0.630462,9.04713,3.832353,,0.740337,,1842.018611,0.0
79096367600030,close,5,burst-second,8.817,,,556.652202,0.941044,,,0.321959,,0.57246,,,,,,,0.941044,0.0,5.292848,,,0.321959,2.719674,,0.33754199999999995,,1.164796,1.076503,2.7402159999999998,528.0889930000001,0.238626,0.402126,5.46214,10.14978,,,,,,,,,,,,,,,0.227001,550.4474749999999,,0.0
79096367600030,open,5,burst-second,25.481,65.601421,526.135243,529.022091,4.041729,8.040208,0.412502,1.059463,0.994505,2.828639,0.678004,1.984468,0.130876,33.09542,3.375434,0.378919,4.041729,,18.446553,0.0,0.41250200000000004,1.059463,,8.040208,,0.994505,,,,,,,,,5.556946,27.195307,10.581429,17.846674,0.130876,1.9844680000000001,33.09542,460.52982199999997,0.378919,,0.678004,3.3754340000000003,2.561347,,0.26504300000000003,,508.140608,0.0
79096367600031,close,5,burst-second,15.767,,,539.880339,2.085294,,,0.501958,,0.703709,,,,,,,2.0852939999999998,0.0,10.245758,,,0.501958,5.698213,,0.320542,,1.318876,0.5890839999999999,2.5830439999999997,517.95903,0.1485,0.407833,1.2945,4.118254,,,,,,,,,,,,,,,0.1385,529.1490799999999,,0.0
79096367600031,open,5,burst-second,20.227,50.607718,504.597966,507.652522,2.378304,4.959692,0.619545,0.634629,0.328126,0.430752,1.007713,2.03526,0.139334,30.120613,3.446976,0.514544,2.378304,,12.886608,0.0,0.619545,0.634629,,4.959692,,0.328126,,,,,,,,,8.485752,21.334276000000003,9.965843000000001,15.667746999999999,0.139334,2.03526,30.120613000000002,453.984914,0.514544,,1.0077129999999999,3.4469760000000003,2.572222,,0.435835,,494.042828,0.0
79096367600032,close,1,single,11.885,,,501.423126,1.624543,,,0.810709,,0.479667,,,,,,,1.6245429999999998,0.0,7.9900079999999996,,,0.8107089999999999,3.944754,,0.3675,,1.123751,0.455667,1.470627,485.37281800000005,0.107625,0.221,0.862375,3.039961,,,,,,,,,,,,,,,0.139125,493.250867,,0.0
79096367600032,open,1,single,15.342,172.409113,843.203099,849.661088,1.738842,6.227406,0.404085,0.224252,0.379794,1.150755,6.491908,71.947986,0.141042,66.192456,12.807272,0.31021,1.738842,,10.25901,0.0,0.40408499999999997,0.224252,,6.227406,,0.37979399999999996,,,,,,,,,55.577029,10.166300999999999,2.798347,3.737268,0.141042,71.947986,66.192456,670.790027,0.31021,,6.4919080000000005,12.807272000000001,5.994655,,0.38225099999999995,,835.008057,0.0
79096367600033,close,1,single,9.507,,,421.830804,1.476168,,,0.385292,,0.333667,,,,,,,1.476168,0.0,5.979795,,,0.38529199999999997,2.830044,,0.204876,,0.859958,0.698167,1.275042,406.46621000000005,0.177209,0.26875,1.228416,3.942919,,,,,,,,,,,,,,,0.177208,415.6083,,0.0
79096367600033,open,1,single,14.122,28.807309,660.417797,664.059982,2.362636,4.474773,0.34746,0.264793,0.417918,0.728295,0.774879,2.088302,0.099043,13.468441,2.407679,0.257584,2.362636,,9.150046,0.0,0.34746,0.264793,,4.474773,,0.417918,,,,,,,,,5.225609,8.043331,2.915014,3.8675189999999997,0.099043,2.088302,13.468441,631.604863,0.257584,,0.774879,2.407679,3.270766,,0.32771,,654.118224,0.0
79096367600034,close,1,single,15.58,,,599.435683,2.054505,,,0.449877,,0.63896,,,,,,,2.0545050000000002,0.0,10.49457,,,0.449877,6.034141,,0.389043,,1.0204199999999999,0.612835,1.7942550000000002,579.395671,0.134542,0.209918,1.2186279999999998,3.672593,,,,,,,,,,,,,,,0.145292,588.719987,,0.0
79096367600034,open,1,single,12.081,28.741642,696.120076,701.925814,1.565757,4.159729,0.391168,0.205085,0.241626,0.766503,0.746837,2.063469,0.134209,13.938569,2.910764,0.397002,1.565757,,7.738288,0.0,0.391168,0.20508500000000002,,4.1597290000000005,,0.241626,,,,,,,,,6.113072,7.583412,3.263016,4.067395,0.134209,2.063469,13.938569,667.368184,0.397002,,0.746837,2.910764,5.045692,,0.623753,,692.8380189999999,0.0
79096367600035,close,1,single,13.756,,,644.303074,2.65259,,,0.377418,,0.919211,,,,,,,2.65259,0.0,8.866107,,,0.37741800000000003,3.967177,,0.444543,,1.23817,2.165464,1.649296,622.249142,0.132208,0.27841699999999997,1.445421,4.262803,,,,,,,,,,,,,,,0.29220999999999997,634.437423,,0.0
79096367600035,open,1,single,8.28,23.104613,593.226523,597.095084,0.921755,3.312058,0.205709,0.165626,0.251668,0.400835,0.622128,1.252881,0.106168,12.168684,2.797847,0.32596,0.921755,,5.674527,0.0,0.205709,0.165626,,3.312058,,0.251668,,,,,,,,,3.977228,7.975581,2.7629720000000004,3.7898519999999998,0.10616800000000001,1.2528810000000001,12.168683999999999,570.115868,0.32595999999999997,,0.622128,2.7978470000000004,3.222183,,0.552461,,590.815136,0.0
79096367600036,close,1,single,12.966,,,404.866287,1.917754,,,0.372584,,0.593918,,,,,,,1.917754,0.0,7.826432,,,0.372584,3.541549,,0.249667,,1.146627,1.101961,2.398337,378.113238,0.198959,0.815376,2.069004,9.158808,,,,,,,,,,,,,,,0.239084,396.242978,,0.0
79096367600036,open,1,single,11.94,159.674362,872.983802,882.514474,2.01676,3.887811,0.258668,0.216042,0.203626,0.808213,8.947419,66.897536,0.146418,61.209091,10.375217,0.37496,2.01676,,7.822205,0.0,0.258668,0.216042,,3.887811,,0.203626,,,,,,,,,52.143505,8.699084000000001,2.668888,3.499517,0.146418,66.89753599999999,61.209091,713.3029399999999,0.37495999999999996,,8.947419,10.375217000000001,7.8190789999999994,,1.610175,,869.41466,0.0
79096367600037,close,1,single,10.035,,,512.508558,1.251667,,,0.398542,,0.405292,,,,,,,1.2516669999999999,0.0,6.670167999999999,,,0.39854199999999995,3.7733339999999997,,0.265208,,0.853542,0.958291,1.527084,491.729555,0.158751,0.482459,2.001292,6.871626,,,,,,,,,,,,,,,0.205166,505.614683,,0.0
79096367600037,open,1,single,15.512,30.048639,684.162257,690.09745,2.078384,6.365904,0.427669,0.254793,0.270918,0.521295,0.768879,2.080718,0.083834,13.492271,2.292177,0.227626,2.0783840000000002,,10.865632999999999,0.0,0.42766899999999997,0.254793,,6.3659040000000005,,0.270918,,,,,,,,,5.051774,8.279746,3.094806,4.324687,0.083834,2.080718,13.492271,654.109576,0.227626,,0.768879,2.292177,5.259774,,0.527752,,678.548689,0.0
79096367600038,close,1,single,6.953,,,513.999373,0.970166,,,0.247292,,0.293417,,,,,,,0.9701660000000001,0.0,4.64204,,,0.247292,2.488208,,0.164667,,0.7789579999999999,0.867417,0.973499,496.446503,0.154166,0.4475,2.061541,6.429665,,,,,,,,,,,,,,,0.201125,509.04866499999997,,0.0
79096367600038,open,1,single,8.762,22.274852,609.654058,620.087106,0.937171,3.493849,0.239335,0.171251,0.19596,0.313502,0.380251,1.479132,0.067625,11.639637,2.301636,0.275209,0.9371710000000001,,5.981611,0.0,0.23933500000000002,0.17125100000000001,,3.493849,,0.19596,,,,,,,,,4.507479999999999,6.918114999999999,2.6420120000000002,3.504141,0.067625,1.4791320000000001,11.639637,587.3745799999999,0.275209,,0.38025099999999995,2.301636,9.717252,,0.62267,,613.413242,0.0
79096367600039,close,1,single,6.563,,,768.313156,0.895335,,,0.3,,0.290333,,,,,,,0.895335,0.0,4.23655,,,0.3,2.1428789999999998,,0.1915,,0.6216269999999999,0.622501,1.100836,753.2651679999999,0.133167,0.408459,1.530252,5.4733860000000005,,,,,,,,,,,,,,,0.173875,763.877606,,0.0
79096367600039,open,1,single,15.481,32.897608,658.099922,661.753355,2.334136,5.679525,0.35146,0.211084,0.377669,0.740253,0.813837,2.149677,0.133626,15.806779,2.513719,0.29446,2.334136,,10.647048,0.0,0.35146,0.211084,,5.679525,,0.377669,,,,,,,,,5.5069,10.088129,2.989139,5.909277,0.133626,2.149677,15.806779,625.1979399999999,0.29446,,0.813837,2.513719,3.191181,,0.423502,,650.243345,0.0
79096367600040,close,1,single,7.169,,,390.957566,0.940502,,,0.228,,0.369959,,,,,,,0.940502,0.0,4.707841,,,0.228,2.5570880000000002,,0.178667,,0.716835,0.515459,1.0764610000000001,376.937376,0.11845900000000001,0.199751,0.984294,4.934634,,,,,,,,,,,,,,,0.152583,386.001058,,0.0
79096367600040,open,1,single,7.984,23.187977,559.054699,563.135967,0.96942,3.009597,0.245751,0.171084,0.172959,0.345543,0.650378,1.404715,0.141667,12.189429,2.739971,0.327335,0.96942,,5.416774,0.0,0.245751,0.171084,,3.0095970000000003,,0.172959,,,,,,,,,4.010018,7.911118,3.011429,3.9579340000000003,0.14166700000000002,1.404715,12.189429,535.862431,0.327335,,0.650378,2.739971,3.555557,,0.466752,,557.028774,0.0
79096367600041,close,1,single,7.048,,,621.043666,0.904335,,,0.321084,,0.2815,,,,,,,0.904335,0.0,4.704964,,,0.321084,2.5622109999999996,,0.187334,,0.7472920000000001,0.457459,1.2385840000000001,608.2363590000001,0.106541,0.567751,1.0636679999999998,3.0589609999999996,,,,,,,,,,,,,,,0.124959,616.077701,,0.0
79096367600041,open,1,single,16.796,31.564761,518.763872,524.478813,2.109092,6.328902,0.493669,0.332669,0.549335,0.809754,0.463835,1.844383,0.096833,14.529438,2.338052,0.285542,2.109092,,11.709425999999999,0.0,0.49366899999999997,0.332669,,6.328902,,0.549335,,,,,,,,,4.887896,9.470248999999999,3.9201840000000003,5.231606,0.096833,1.844383,14.529438,487.193569,0.28554199999999996,,0.463835,2.3380520000000002,4.9910630000000005,,0.615836,,511.94130099999995,0.0
79096367600042,close,1,single,11.149,,,624.230794,1.746377,,,0.448042,,0.469043,,,,,,,1.7463769999999998,0.0,7.096134,,,0.448042,3.489172,,0.227708,,1.221668,0.412417,1.619211,608.1323980000001,0.094,0.212834,0.8167099999999999,3.543005,,,,,,,,,,,,,,,0.129292,616.829534,,0.0
79096367600042,open,1,single,8.115,20.896172,440.76494,443.652619,1.042004,2.927387,0.195668,0.234001,0.261335,0.392751,0.596461,1.234339,0.051583,10.653712,2.369468,0.242835,1.042004,,5.636649,0.0,0.195668,0.23400100000000001,,2.927387,,0.261335,,,,,,,,,3.710099,6.782445,2.6813029999999998,3.6488069999999997,0.051583,1.2343389999999999,10.653711999999999,419.86406,0.242835,,0.596461,2.369468,2.533135,,0.293585,,437.705219,0.0
79096367600043,close,1,single,14.445,,,434.479483,2.201166,,,0.336917,,0.527541,,,,,,,2.201166,0.0,9.612120999999998,,,0.33691699999999997,5.071915,,0.399041,,0.965083,0.8025,1.934249,410.046827,0.17425,0.6625,2.494666,6.703955,,,,,,,,,,,,,,,0.215958,424.674403,,0.0
79096367600043,open,1,single,11.336,24.486144,433.082365,437.521176,3.072971,3.458473,0.292584,0.230751,0.292668,0.408335,0.46746,1.274339,0.07925,11.009463,2.660178,0.276334,3.072971,,8.604576999999999,0.0,0.292584,0.230751,,3.458473,,0.292668,,,,,,,,,3.735432,7.078072,2.759595,3.6863490000000003,0.07925,1.2743389999999999,11.009463,408.592179,0.276334,,0.46746,2.6601779999999997,3.9021,,0.44558499999999995,,428.43872100000004,0.0
79096367600044,close,1,single,7.789,,,809.615001,0.948878,,,0.326792,,0.527793,,,,,,,0.948878,0.0,5.032595000000001,,,0.32679199999999997,2.7124650000000003,,0.213959,,1.1515440000000001,0.675335,3.214841,789.520036,0.157625,0.29795900000000003,1.42242,5.979305999999999,,,,,,,,,,,,,,,0.157875,803.385611,,0.0
79096367600044,open,1,single,7.631,20.839005,460.483273,462.57549,0.934879,2.837387,0.19771,0.167751,0.198292,0.337668,0.724087,1.218964,0.049709,10.655503,2.412468,0.235168,0.934879,,5.094646,0.0,0.19771,0.167751,,2.837387,,0.198292,,,,,,,,,3.7911819999999996,6.663028000000001,2.943471,3.699391,0.049709,1.218964,10.655503000000001,439.640768,0.23516800000000002,,0.724087,2.412468,1.806466,,0.246793,,456.866216,0.0
79096367600045,close,1,single,7.937,,,480.310152,1.052875,,,0.278375,,0.320459,,,,,,,1.052875,0.0,5.082541,,,0.278375,2.7186239999999997,,0.188375,,0.8837079999999999,0.731583,1.431625,463.298611,0.167834,0.338875,1.4527079999999999,5.866125,,,,,,,,,,,,,,,0.230375,474.891277,,0.0
79096367600045,open,1,single,6.68,34.988189,442.412764,445.116941,0.774795,2.443177,0.17275,0.188959,0.164292,0.310835,0.622836,1.564424,0.092584,20.386961,6.876196,0.653253,0.774795,,4.463436,0.0,0.17275,0.18895900000000002,,2.443177,,0.164292,,,,,,,,,4.396269,15.245231,6.548819000000001,9.109039000000001,0.092584,1.564424,20.386961,407.42095,0.6532530000000001,,0.6228360000000001,6.876196,2.2970509999999997,,0.339709,,440.189962,0.0
79096367600046,close,1,single,7.719,,,412.161519,1.084792,,,0.259083,,0.319167,,,,,,,1.084792,0.0,4.912335,,,0.259083,2.543834,,0.20725,,0.798292,0.8031670000000001,1.504834,391.831431,0.177959,0.405625,1.647834,9.062211,,,,,,,,,,,,,,,0.208792,407.027268,,0.0
79096367600046,open,1,single,12.698,39.231408,454.104455,459.274851,1.591298,4.497893,0.817712,0.289251,0.381752,0.614961,1.017504,2.522802,0.139459,20.754709,4.735602,0.39121,1.591298,,9.154162,0.0,0.817712,0.289251,,4.497893,,0.38175200000000004,,,,,,,,,4.967812,15.525771,8.666326999999999,10.705543,0.139459,2.522802,20.754709,414.86492200000004,0.39121,,1.017504,4.735602,4.395268,,0.679794,,449.079309,0.0
79096367600047,close,1,single,14.246,,,583.779467,2.240626,,,0.478042,,0.545,,,,,,,2.2406260000000002,0.0,9.414588,,,0.47804199999999997,4.678545,,0.408917,,1.152417,0.910417,1.592501,559.9331629999999,0.186917,0.468125,2.030126,7.072129,,,,,,,,,,,,,,,0.201125,574.243378,,0.0
79096367600047,open,1,single,15.104,30.658372,409.94267,413.131349,2.076508,5.661814,0.361459,0.242959,0.415419,0.586461,0.458294,2.058508,0.107417,13.519595,3.816265,0.254959,2.076508,,10.248958,0.0,0.36145900000000003,0.242959,,5.661814000000001,,0.415419,,,,,,,,,5.585189000000001,7.754698,2.788511,3.712598,0.107417,2.058508,13.519594999999999,379.281048,0.254959,,0.458294,3.816265,2.789469,,0.34046,,402.44730599999997,0.0
79096367600048,close,1,single,16.09,,,481.454254,1.908378,,,0.543167,,0.529668,,,,,,,1.908378,0.0,10.704311,,,0.5431670000000001,6.365428,,0.336959,,1.041127,0.521251,1.707879,461.99651,0.11920900000000001,0.273125,1.123877,3.0866309999999997,,,,,,,,,,,,,,,0.161292,470.503901,,0.0
79096367600048,open,1,single,9.161,29.103781,444.06207,451.03793,1.168838,3.501388,0.293376,0.234001,0.238626,0.673461,0.599461,1.422339,0.062375,17.521443,2.221426,0.222793,1.168838,,6.381317,0.0,0.29337599999999997,0.23400100000000001,,3.501388,,0.238626,,,,,,,,,3.8425990000000003,13.506844,9.064452,10.266123,0.062375,1.422339,17.521442999999998,414.953956,0.22279300000000002,,0.599461,2.221426,6.116232,,0.756378,,443.309941,0.0
79096367600049,close,1,single,8.243,,,625.29543,1.097918,,,0.434375,,0.369125,,,,,,,1.097918,0.0,5.358673,,,0.434375,2.599169,,0.30175,,0.851168,0.454375,1.008626,611.652747,0.098375,0.205083,0.972209,4.177713,,,,,,,,,,,,,,,0.122792,619.9831310000001,,0.0
79096367600049,open,1,single,17.741,34.884468,774.644529,779.77134,2.070758,6.86386,0.413793,0.295918,0.502002,1.072629,1.288089,3.194054,0.129709,12.8783,2.980928,0.256126,2.0707579999999997,,11.983254,0.0,0.413793,0.295918,,6.86386,,0.5020020000000001,,,,,,,,,4.873685,7.806822,2.6727600000000002,3.672181,0.129709,3.194054,12.8783,739.7560609999999,0.25612599999999996,,1.288089,2.980928,4.199183,,0.716503,,765.042824,0.0
79096367600050,close,1,single,11.527,,,472.393703,1.730792,,,0.356167,,0.448875,,,,,,,1.7307919999999999,0.0,7.034917999999999,,,0.35616699999999996,3.0811669999999998,,0.258209,,0.952167,0.468792,2.03925,454.833575,0.111458,0.279792,1.439791,4.358876,,,,,,,,,,,,,,,0.1375,465.154619,,0.0
79096367600050,open,1,single,15.665,31.667659,545.88291,551.872308,2.324967,5.716563,0.42096,0.267043,0.261168,0.630503,0.739378,2.163425,0.217917,13.946052,2.774135,0.333084,2.324967,,10.576456,0.0,0.42096,0.26704300000000003,,5.716563,,0.261168,,,,,,,,,5.502854,8.173531,2.982094,3.860973,0.217917,2.163425,13.946052,514.209626,0.333084,,0.7393780000000001,2.7741350000000002,4.747351,,1.139671,,539.353929,0.0
79096367600051,close,1,single,14.986,,,451.266493,2.168792,,,0.375875,,0.5795,,,,,,,2.168792,0.0,9.515875,,,0.375875,5.01675,,0.448875,,1.091666,0.985167,1.785791,427.925744,0.187333,0.7344579999999999,1.838542,6.044207999999999,,,,,,,,,,,,,,,0.1995,441.61990999999995,,0.0
79096367600051,open,1,single,15.541,32.790581,667.125711,670.351806,1.958882,5.732771,0.514627,0.368043,0.306334,0.536002,1.069171,2.488092,0.145917,14.991347,2.905803,0.275293,1.958882,,10.448996999999999,0.0,0.514627,0.368043,,5.732771,,0.306334,,,,,,,,,5.77473,8.8842,3.313804,4.305765999999999,0.145917,2.488092,14.991347,634.330505,0.275293,,1.069171,2.9058029999999997,2.796094,,0.37591800000000003,,659.1913059999999,0.0
79096367600052,close,1,burst-minute,14.889,,,689.289537,2.008459,,,0.40675,,0.519333,,,,,,,2.008459,0.0,9.832629,,,0.40675,5.585085,,0.301084,,1.081751,0.7014589999999999,2.35225,664.457152,0.145959,0.403667,1.568293,7.56942,,,,,,,,,,,,,,,0.188334,679.196657,,0.0
79096367600052,open,1,burst-minute,23.752,46.711291,484.012136,486.637062,2.404842,8.399614,0.685003,0.513544,0.476794,0.789461,1.01492,3.187886,0.259334,19.736528,4.034348,0.649544,2.404842,,17.494645000000002,0.0,0.685003,0.513544,,8.399614,,0.476794,,,,,,,,,8.331863,11.128581,3.604971,5.107018,0.259334,3.1878859999999998,19.736528,437.289428,0.649544,,1.01492,4.034348,2.249717,,0.321209,,468.61399800000004,0.0
79096367600053,close,1,burst-minute,7.088,,,415.993666,0.896085,,,0.279333,,0.3445,,,,,,,0.896085,0.0,4.5416300000000005,,,0.27933300000000005,2.3915859999999998,,0.251459,,0.8264170000000001,0.708834,0.932584,397.900981,0.201251,0.895751,1.8836680000000001,6.952591,,,,,,,,,,,,,,,0.204792,411.215077,,0.0
79096367600053,open,1,burst-minute,14.99,36.615964,472.892137,475.530979,1.940299,5.147518,0.438585,0.397335,0.481127,0.979795,1.60363,2.266383,0.115917,17.214936,3.893347,0.278626,1.940299,,9.895535,0.0,0.438585,0.397335,,5.147518,,0.481127,,,,,,,,,4.99181,11.817542,4.479099,6.153313,0.115917,2.266383,17.214936,436.271965,0.278626,,1.60363,3.8933470000000003,2.2790909999999998,,0.301584,,464.21035600000005,0.0
79096367600054,close,1,burst-minute,7.543,,,713.462587,1.213998,,,0.246917,,0.279833,,,,,,,1.2139980000000001,0.0,5.165286,,,0.246917,2.505997,,0.171709,,0.600874,0.571083,1.42729,697.991353,0.121749,0.32070800000000005,1.500415,4.975411,,,,,,,,,,,,,,,0.179292,708.1089669999999,,0.0
79096367600054,open,1,burst-minute,8.319,30.539608,727.099425,730.142479,1.051254,3.000594,0.306876,0.257792,0.226417,0.622377,0.874504,4.526349,0.298376,14.285884,3.133636,0.340918,1.051254,,5.787854,0.0,0.306876,0.25779199999999997,,3.000594,,0.226417,,,,,,,,,5.55827,8.492739,2.686093,3.476429,0.298376,4.526349,14.285884,696.5564,0.340918,,0.8745040000000001,3.133636,2.709634,,0.266793,,722.942495,0.0
79096367600055,close,1,single,11.303,,,493.319264,1.610127,,,0.350751,,0.545834,,,,,,,1.6101269999999999,0.0,6.925384,,,0.350751,3.493422,,0.34637599999999996,,1.079376,0.527751,1.867378,476.836242,0.146,0.27704199999999995,1.089293,3.481296,,,,,,,,,,,,,,,0.158125,486.030047,,0.0
79096367600055,open,1,single,9.108,23.404165,595.333163,597.93388,1.228129,3.279011,0.245334,0.156958,0.215334,0.383293,0.591918,1.590631,0.116084,12.34071,2.354467,0.20075,1.2281289999999998,,5.970312,0.0,0.245334,0.156958,,3.279011,,0.215334,,,,,,,,,4.848225,7.235442,2.458592,3.1758029999999997,0.116084,1.5906310000000001,12.34071,571.924123,0.20075,,0.591918,2.354467,2.3205500000000003,,0.240542,,591.599525,0.0
79096367600056,close,1,burst-minute,15.082,,,432.397758,2.177669,,,0.513168,,0.507208,,,,,,,2.177669,0.0,9.86576,,,0.513168,5.19288,,0.278834,,1.198835,0.469417,1.898419,412.89790500000004,0.129875,0.223417,1.0483339999999999,3.382295,,,,,,,,,,,,,,,0.125167,422.013331,,0.0
79096367600056,open,1,burst-minute,9.999,24.528252,746.430399,749.038034,1.306754,3.654388,0.275584,0.210251,0.204209,0.327501,0.557711,1.677797,0.112667,12.804753,2.442759,0.224917,1.306754,,6.467398,0.0,0.275584,0.210251,,3.654388,,0.204209,,,,,,,,,4.740933,7.849485,2.803135,3.567054,0.112667,1.677797,12.804753,721.897563,0.224917,,0.5577110000000001,2.442759,2.245341,,0.295585,,742.138009,0.0
79096367600057,close,1,burst-minute,15.716,,,595.426059,2.020332,,,0.445625,,0.835958,,,,,,,2.0203320000000002,0.0,10.066201,,,0.445625,5.597703999999999,,0.47545800000000005,,1.325791,0.360833,2.574873,574.3541580000001,0.071958,0.316167,1.400916,3.603872,,,,,,,,,,,,,,,0.110958,584.6150670000001,,0.0
79096367600057,open,1,burst-minute,7.549,23.220206,567.60969,570.846452,0.88417,2.932301,0.207626,0.24375,0.254167,0.40171,0.605168,1.600922,0.105793,10.574495,4.467224,0.338376,0.88417,,5.327102,0.0,0.207626,0.24375,,2.932301,,0.254167,,,,,,,,,3.88693,6.450606,2.407175,3.144886,0.10579300000000001,1.600922,10.574495,544.383734,0.33837599999999995,,0.605168,4.467224,2.822968,,0.35750099999999996,,565.0672659999999,0.0
79096367600058,close,1,burst-minute,16.06,,,428.661694,2.031707,,,0.565875,,0.561083,,,,,,,2.031707,0.0,10.33208,,,0.565875,5.781498,,0.303,,1.140624,0.829708,2.274125,406.649451,0.12,0.428875,1.233541,4.768624,,,,,,,,,,,,,,,0.133167,418.10690600000004,,0.0
79096367600058,open,1,burst-minute,16.613,32.208154,590.55716,597.004808,2.10784,6.884982,0.407044,0.207126,0.311876,0.597877,0.967295,3.484304,0.116042,12.70217,2.5618,0.247751,2.10784,,11.403623,0.0,0.40704399999999996,0.207126,,6.884982,,0.311876,,,,,,,,,5.096809,7.402151,2.79301,3.692304,0.116042,3.4843040000000003,12.70217,558.343715,0.247751,,0.9672949999999999,2.5618000000000003,5.734686,,0.610544,,584.3808889999999,0.0
79096367600059,close,1,burst-minute,9.085,,,558.449137,1.156918,,,0.282167,,0.375042,,,,,,,1.156918,0.0,5.9385069999999995,,,0.28216699999999995,3.413712,,0.2205,,0.907126,0.522959,1.295752,544.047245,0.112333,0.34766699999999995,1.056835,3.360838,,,,,,,,,,,,,,,0.161,552.259921,,0.0
79096367600059,open,1,burst-minute,14.381,30.423479,445.937849,448.293523,1.810964,4.339931,0.369793,0.495793,0.345043,0.518835,0.990379,2.596342,0.167834,15.087427,2.466217,0.238501,1.810964,,9.012781,0.0,0.369793,0.495793,,4.339931,,0.345043,,,,,,,,,7.6197349999999995,7.261733,2.827218,3.673763,0.167834,2.596342,15.087427,415.510995,0.23850100000000002,,0.990379,2.466217,2.053341,,0.252667,,439.271201,0.0
79096367600060,close,1,burst-minute,7.311,,,614.699198,1.034626,,,0.253376,,0.283084,,,,,,,1.034626,0.0,4.693506,,,0.253376,2.3171280000000003,,0.179459,,0.8597100000000001,0.434376,0.913959,602.695765,0.11595799999999999,0.392459,0.9042929999999999,3.017754,,,,,,,,,,,,,,,0.136542,609.880442,,0.0
79096367600060,open,1,burst-minute,16.359,30.027309,449.589142,453.802448,2.082924,6.461563,0.401043,0.237751,0.290876,0.499377,0.716669,2.036381,0.112459,13.574171,2.281216,0.22,2.0829239999999998,,10.860370000000001,0.0,0.401043,0.23775100000000002,,6.461563,,0.29087599999999997,,,,,,,,,5.192642,8.218444,3.049719,4.005306,0.112459,2.036381,13.574171,419.557749,0.22,,0.716669,2.2812159999999997,3.734763,,0.399418,,442.40966,0.0
79096367600061,close,1,single,14.635,,,816.377221,2.05304,,,0.416,,0.487666,,,,,,,2.0530399999999998,0.0,9.446574,,,0.416,5.15712,,0.297458,,1.013957,0.519916,1.8212899999999999,797.210991,0.113917,0.197333,1.120749,3.7765790000000004,,,,,,,,,,,,,,,0.1735,806.564981,,0.0
79096367600061,open,1,single,15.689,30.282143,536.055643,541.118826,2.093924,5.449227,0.435126,0.321459,0.47571,0.672794,0.549961,1.946424,0.081,14.230715,2.643342,0.204667,2.093924,,10.354618,0.0,0.43512599999999996,0.321459,,5.449227,,0.47570999999999997,,,,,,,,,5.0500169999999995,8.975489,3.293512,4.3293479999999995,0.081,1.946424,14.230715,505.770666,0.204667,,0.549961,2.643342,4.511348,,0.42733499999999996,,530.176206,0.0
79096367600062,close,1,single,6.455,,,721.432718,0.906167,,,0.257459,,0.277,,,,,,,0.9061670000000001,0.0,4.20321,,,0.257459,2.130458,,0.171542,,0.7340420000000001,0.451458,0.989875,709.577214,0.098292,0.334916,1.0706250000000002,3.354793,,,,,,,,,,,,,,,0.128167,717.095049,,0.0
79096367600062,open,1,single,14.009,35.76991,631.894678,634.685814,1.832256,5.019975,0.460793,0.278376,0.283001,0.810169,1.563047,5.822061,0.250293,13.730254,3.350636,0.347334,1.832256,,9.357114,0.0,0.460793,0.27837599999999996,,5.0199750000000005,,0.283001,,,,,,,,,5.450684,8.042194,2.889885,3.794596,0.250293,5.822061,13.730254,596.1200180000001,0.347334,,1.563047,3.350636,2.437341,,0.30745999999999996,,623.849111,0.0
79096367600063,close,1,burst-minute,8.192,,,592.552337,0.711418,,,0.299292,,0.311834,,,,,,,0.711418,0.0,4.543005,,,0.29929199999999995,2.680337,,0.214375,,0.8637100000000001,0.729167,0.99671,577.149567,0.200625,0.33925,1.617877,5.101756999999999,,,,,,,,,,,,,,,0.190875,587.7897049999999,,0.0
79096367600063,open,1,burst-minute,10.876,25.758919,466.915672,469.9221,1.355505,4.041013,0.279501,0.233334,0.34196,0.513418,0.647752,2.013215,0.073167,11.862373,2.950219,0.263001,1.3555050000000002,,7.362608,0.0,0.279501,0.233334,,4.0410129999999995,,0.34196,,,,,,,,,4.343846999999999,7.317858,2.720009,3.617928,0.073167,2.0132149999999998,11.862373,441.151462,0.263001,,0.647752,2.950219,2.648092,,0.30212599999999995,,461.786157,0.0
79096367600064,close,1,burst-minute,16.886,,,670.731976,2.142542,,,0.4795,,0.531458,,,,,,,2.1425419999999997,0.0,11.443918,,,0.4795,6.931459,,0.30825,,1.1725,0.768625,1.9093330000000002,647.399017,0.144209,0.342,1.534416,4.8905,,,,,,,,,,,,,,,0.165666,659.05056,,0.0
79096367600064,open,1,burst-minute,7.105,23.301869,461.461823,463.618871,0.891586,2.418758,0.228751,0.179417,0.153083,0.386751,1.025837,1.778422,0.080291,12.242624,2.544134,0.276667,0.891586,,4.614223,0.0,0.228751,0.179417,,2.418758,,0.153083,,,,,,,,,4.761558,7.263524,2.874509,3.640887,0.080291,1.778422,12.242624,438.155995,0.276667,,1.0258369999999999,2.544134,1.861672,,0.254209,,458.147311,0.0
79096367600065,close,1,burst-minute,7.13,,,551.691727,1.048333,,,0.240124,,0.404083,,,,,,,1.0483330000000002,0.0,4.526583,,,0.240124,2.227375,,0.178583,,0.8268329999999999,0.775417,1.820792,534.551812,0.14075,0.457125,1.7444989999999998,5.735333,,,,,,,,,,,,,,,0.185542,546.7840600000001,,0.0
79096367600065,open,1,burst-minute,9.183,22.286198,398.36884,404.310484,1.229504,3.373594,0.258751,0.170959,0.190334,0.349584,0.350668,1.41988,0.064209,10.353867,3.447802,0.249876,1.229504,,6.1482280000000005,0.0,0.25875099999999995,0.170959,,3.373594,,0.190334,,,,,,,,,4.015055,6.175187,2.705175,3.606929,0.064209,1.41988,10.353867000000001,376.07784999999996,0.24987600000000001,,0.350668,3.4478020000000003,5.2004340000000004,,0.658377,,397.327544,0.0
79096367600066,close,1,burst-minute,17.312,,,526.242669,3.75412,,,0.706583,,0.559666,,,,,,,3.75412,0.0,12.437275,,,0.706583,6.076492,,0.41216699999999995,,0.822666,0.593416,1.3629980000000002,504.471364,0.135625,0.35312400000000005,1.1161240000000001,4.015286,,,,,,,,,,,,,,,0.150792,513.516018,,0.0
79096367600066,open,1,burst-minute,9.174,20.890068,476.143926,478.62631,1.236087,3.292261,0.266584,0.173084,0.211584,0.357293,0.463377,1.411463,0.066334,10.238451,2.236257,0.221417,1.236087,,6.084937,0.0,0.266584,0.17308400000000002,,3.292261,,0.211584,,,,,,,,,4.038971,6.040394,2.702217,3.46297,0.066334,1.411463,10.238451,455.249858,0.221417,,0.463377,2.236257,2.067715,,0.341543,,472.104788,0.0
79096367600067,close,1,single,14.766,,,584.474113,1.946917,,,0.41575,,0.509875,,,,,,,1.946917,0.0,9.958798,,,0.41575,5.8244620000000005,,0.283209,,1.0567090000000001,0.7442089999999999,2.1486680000000002,558.01243,0.152792,0.86825,1.8942510000000001,8.340047,,,,,,,,,,,,,,,0.219084,574.1301060000001,,0.0
79096367600067,open,1,single,15.826,52.753964,452.003543,459.334066,2.021381,6.14927,0.314876,0.235543,0.256168,0.964045,1.450214,10.910161,0.430543,19.692273,6.044687,0.50096,2.021381,,10.528367,0.0,0.314876,0.235543,,6.1492700000000005,,0.256168,,,,,,,,,6.2987709999999995,13.007751,3.4573449999999997,4.538973,0.430543,10.910161,19.692273,399.245121,0.50096,,1.450214,6.044687,6.75498,,0.441001,,445.477438,0.0
79096367600068,close,1,burst-minute,14.101,,,428.317576,2.518877,,,0.513625,,0.513167,,,,,,,2.518877,0.0,8.757717000000001,,,0.513625,3.962046,,0.307584,,1.0164170000000001,1.031501,1.602335,403.304717,0.174542,0.437501,2.028794,8.611301,,,,,,,,,,,,,,,0.21275,419.178066,,0.0
79096367600068,open,1,burst-minute,15.982,37.618496,519.068786,527.086728,2.050131,6.288478,0.420209,0.37921,0.288293,0.797336,1.087212,3.806221,0.326251,15.878759,4.02143,0.53471,2.050131,,10.940076999999999,0.0,0.420209,0.37921,,6.2884780000000005,,0.288293,,,,,,,,,6.266104,9.350405,2.8317170000000003,3.65922,0.32625099999999996,3.806221,15.878759,481.44687400000004,0.53471,,1.087212,4.02143,7.517315,,0.422043,,514.7979799999999,0.0
79096367600069,close,1,single,7.289,,,530.315812,0.933,,,0.365,,0.243542,,,,,,,0.933,0.0,4.739207,,,0.365,2.528707,,0.162459,,0.741875,0.810333,1.307,511.802817,0.184166,0.425625,1.8767070000000001,7.432081,,,,,,,,,,,,,,,0.211709,525.366855,,0.0
79096367600069,open,1,single,14.757,30.073802,437.155248,442.547931,1.971173,5.450142,0.43021,0.342293,0.257042,0.406043,0.486834,1.681547,0.078333,13.483626,3.970679,0.226834,1.971173,,10.020865,0.0,0.43021,0.342293,,5.450142,,0.257042,,,,,,,,,5.011558,8.291234000000001,3.2795520000000002,4.326222,0.078333,1.6815470000000001,13.483626000000001,407.06257,0.226834,,0.486834,3.970679,4.478223,,0.820044,,431.683022,0.0
79096367600070,close,1,burst-minute,6.047,,,527.836792,0.766292,,,0.225334,,0.259833,,,,,,,0.7662920000000001,0.0,3.811671,,,0.225334,1.984669,,0.164375,,0.7838339999999999,0.5870839999999999,1.170334,514.7617359999999,0.136209,0.26620900000000003,1.207294,4.225421,,,,,,,,,,,,,,,0.157417,523.836455,,0.0
79096367600070,open,1,burst-minute,14.477,27.760004,596.262929,598.438852,2.547549,4.533681,0.325084,0.239459,0.269084,0.445751,0.384002,1.669005,0.071708,13.746418,2.09809,0.249292,2.547549,,9.386446,0.0,0.325084,0.239459,,4.533681,,0.269084,,,,,,,,,4.857349,8.713569,3.689803,5.097891,0.071708,1.669005,13.746418,568.498133,0.249292,,0.384002,2.09809,1.895839,,0.23491700000000001,,588.7534039999999,0.0
79096367600071,close,1,burst-minute,6.975,,,459.326759,0.894126,,,0.251375,,0.351084,,,,,,,0.894126,0.0,4.67613,,,0.251375,2.5071280000000002,,0.253458,,0.755668,0.7412920000000001,1.095001,441.096614,0.153084,0.229667,1.689336,7.9278010000000005,,,,,,,,,,,,,,,0.246209,454.40117,,0.0
79096367600071,open,1,burst-minute,14.663,30.669968,460.031224,465.337948,2.287841,5.258308,0.339668,0.241667,0.272626,0.51721,1.000503,2.541883,0.151292,13.503374,3.019509,0.262126,2.287841,,9.94003,0.0,0.339668,0.241667,,5.258308,,0.272626,,,,,,,,,5.534225,7.7793980000000005,2.7555500000000004,3.694886,0.151292,2.541883,13.503373999999999,429.356673,0.26212599999999997,,1.0005030000000001,3.019509,4.687931,,0.510126,,454.752459,0.0
79096367600072,close,1,burst-minute,13.709,,,457.135721,1.855252,,,0.511876,,0.421625,,,,,,,1.855252,0.0,9.310593,,,0.511876,5.337212999999999,,0.236292,,1.162376,0.39354199999999995,1.469418,439.399536,0.106083,0.295625,0.9490019999999999,3.161128,,,,,,,,,,,,,,,0.143458,447.571962,,0.0
79096367600072,open,1,burst-minute,17.005,29.404964,491.509558,498.411496,2.247298,5.969143,0.360543,0.230125,0.404918,0.607835,0.446835,1.93359,0.105709,13.675208,2.126173,0.216543,2.247298,,10.774866,0.0,0.360543,0.230125,,5.969143,,0.404918,,,,,,,,,4.934474,8.568151,3.383968,4.558972,0.105709,1.93359,13.675208000000001,462.101178,0.216543,,0.446835,2.1261729999999996,6.510228,,0.296584,,487.298588,0.0
79096367600073,close,1,burst-minute,13.697,,,418.303872,2.115461,,,0.417125,,0.614209,,,,,,,2.115461,0.0,9.532717,,,0.417125,5.121004,,0.410459,,1.022959,0.428584,1.6994179999999999,400.29044,0.094417,0.183458,0.861585,3.42542,,,,,,,,,,,,,,,0.12325,408.56361300000003,,0.0
79096367600073,open,1,burst-minute,15.344,30.696799,458.768651,462.190162,1.994423,5.5346,0.37471,0.30446,0.262709,0.669377,1.425796,1.914589,0.195709,13.148205,2.534299,0.294334,1.994423,,10.106196,0.0,0.37471,0.30445999999999995,,5.5346,,0.262709,,,,,,,,,5.4200159999999995,7.51748,2.730966,3.620595,0.195709,1.9145889999999999,13.148205,428.06839399999996,0.294334,,1.425796,2.534299,2.9400500000000003,,0.409377,,450.745795,0.0
79096367600074,close,1,burst-minute,9.055,,,423.20068,0.920833,,,0.307042,,0.366042,,,,,,,0.920833,0.0,6.066042,,,0.307042,3.456541,,0.272916,,1.187208,0.800958,2.282917,401.137015,0.16275,0.91575,2.0918330000000003,7.734833,,,,,,,,,,,,,,,0.231375,417.160597,,0.0
79096367600074,open,1,burst-minute,6.922,19.692516,557.568237,562.373376,0.937628,2.434882,0.185542,0.169875,0.173625,0.263043,0.407043,1.118587,0.045667,10.216072,2.86705,0.28175,0.937628,,4.60818,0.0,0.185542,0.169875,,2.434882,,0.173625,,,,,,,,,3.6611770000000003,6.354269,2.7815079999999996,3.6128020000000003,0.045667,1.118587,10.216072,537.8714699999999,0.28175,,0.407043,2.8670500000000003,4.217262,,0.487085,,557.242819,0.0
79096367600075,close,1,burst-minute,18.321,,,640.087491,3.573455,,,0.571458,,0.738499,,,,,,,3.573455,0.0,12.251279,,,0.571458,5.300078,,0.472833,,1.37804,0.579041,1.859874,616.7209320000001,0.129416,0.33212400000000003,1.205208,4.459579,,,,,,,,,,,,,,,0.174,627.3857539999999,,0.0
79096367600075,open,1,burst-minute,9.205,42.116,419.084243,423.844382,1.18117,3.434844,0.241709,0.231251,0.193251,0.819128,0.968336,6.354352,0.414043,18.871472,6.194352,0.535626,1.18117,,6.20206,0.0,0.241709,0.231251,,3.434844,,0.193251,,,,,,,,,6.462810999999999,11.993369000000001,3.27876,4.178762,0.414043,6.354352,18.871472,376.963118,0.5356259999999999,,0.968336,6.194352,4.1769300000000005,,0.468251,,414.922272,0.0
79096367600076,close,1,single,10.447,,,458.776867,1.496043,,,0.328542,,0.4235,,,,,,,1.4960429999999998,0.0,6.6212539999999995,,,0.328542,3.463669,,0.237959,,0.8405009999999999,0.34766699999999995,1.435584,443.446234,0.089833,0.236667,0.958792,3.922378,,,,,,,,,,,,,,,0.11670799999999999,451.81694699999997,,0.0
79096367600076,open,1,single,11.441,28.991168,450.488476,455.843617,1.458629,4.773388,0.305626,0.173084,0.220375,0.463085,0.632044,3.067967,0.146834,11.526658,4.799431,0.277792,1.458629,,8.03844,0.0,0.30562599999999995,0.17308400000000002,,4.773388,,0.220375,,,,,,,,,4.357804,6.9508540000000005,2.472674,3.312009,0.146834,3.067967,11.526658,421.49230800000004,0.277792,,0.6320439999999999,4.799430999999999,4.830764,,0.428209,,446.974133,0.0
79096367600077,close,1,single,16.046,,,511.575039,2.022709,,,0.447167,,0.700876,,,,,,,2.022709,0.0,10.806421,,,0.447167,6.299544,,0.497459,,0.985459,0.840667,2.0135840000000003,485.362571,0.156375,0.393167,1.617667,8.078628,,,,,,,,,,,,,,,0.196291,500.34203499999995,,0.0
79096367600077,open,1,single,7.187,18.923427,590.042238,593.906165,0.951669,2.616382,0.197459,0.168083,0.185626,0.284918,0.451251,1.072086,0.051875,9.918986,2.244923,0.211084,0.951669,,4.879013,0.0,0.197459,0.168083,,2.616382,,0.185626,,,,,,,,,3.511635,6.108975,2.928925,3.809843,0.051875,1.072086,9.918986,571.115061,0.211084,,0.45125099999999996,2.2449229999999996,3.276634,,0.517126,,588.504859,0.0
79096367600078,close,1,single,16.549,,,989.506855,2.567121,,,0.693999,,0.800832,,,,,,,2.567121,0.0,11.205191999999998,,,0.693999,5.562492,,0.5234160000000001,,1.0500820000000002,0.583416,2.1317049999999997,966.492057,0.14875,0.41895699999999997,1.343582,5.010783999999999,,,,,,,,,,,,,,,0.174208,977.922623,,0.0
79096367600078,open,1,single,16.882,32.324296,505.816529,512.007461,2.029214,6.977061,0.355501,0.204126,0.190417,0.454793,0.856044,2.411799,0.097292,13.995664,2.719757,0.238167,2.029214,,11.415573,0.0,0.35550099999999996,0.204126,,6.977061,,0.190417,,,,,,,,,5.6010990000000005,8.187564,2.880258,4.386261999999999,0.097292,2.411799,13.995664000000001,473.489149,0.238167,,0.856044,2.719757,5.696432,,0.424834,,499.672386,0.0
79096367600079,close,5,burst-second,13.867,,,529.099631,2.640834,,,0.749042,,0.405334,,,,,,,2.640834,0.0,9.601542,,,0.749042,4.4317079999999995,,0.262042,,1.073625,0.6412920000000001,1.785333,504.10279599999996,0.14208400000000002,0.932417,1.611251,8.201709000000001,,,,,,,,,,,,,,,0.169708,519.2698800000001,,0.0
79096367600079,open,5,burst-second,28.868,55.115933,725.465762,730.031106,2.646715,9.749733,2.248922,3.002841,2.146422,0.540543,1.52067,4.498803,0.227292,24.174396,4.141803,0.313126,2.646715,,22.366141,0.0,2.248922,3.002841,,9.749733,,2.146422,,,,,,,,,7.339685,16.577501,6.391308,10.315567999999999,0.227292,4.498803,24.174396,670.338162,0.31312599999999996,,1.52067,4.1418029999999995,4.006802,,0.488917,,709.472304,0.0
79096367600080,close,5,burst-second,18.898,,,612.181442,2.979578,,,0.380708,,0.650124,,,,,,,2.979578,0.0,11.356898,,,0.38070800000000005,5.575991,,0.41245800000000005,,1.017874,0.638916,2.20283,585.897319,0.126749,0.428832,1.580373,7.789778,,,,,,,,,,,,,,,0.17241700000000001,600.608127,,0.0
79096367600080,open,5,burst-second,38.724,63.12512,598.796945,605.23446,3.044633,13.62091,2.022964,1.524921,1.418545,0.55771,1.546129,4.626971,0.228792,26.457943,4.736971,0.295834,3.0446329999999997,,28.827032,0.0,2.022964,1.524921,,13.62091,,1.4185450000000002,,,,,,,,,6.506975000000001,19.742676,4.812138,13.193325000000002,0.228792,4.626970999999999,26.457943,535.6670330000001,0.295834,,1.5461289999999999,4.736971,5.35693,,0.9441269999999999,,579.426811,0.0
79096367600081,close,5,burst-second,13.841,,,487.967175,1.936957,,,0.391499,,0.482292,,,,,,,1.936957,0.0,9.03066,,,0.39149900000000004,4.921163,,0.33933300000000005,,1.143249,0.838291,1.381249,463.497695,0.18025,0.433833,2.0263730000000004,8.390035,,,,,,,,,,,,,,,0.263375,478.681557,,0.0
79096367600081,open,5,burst-second,32.612,55.396226,615.819528,622.441628,3.570134,7.497853,0.247625,1.36442,0.859669,0.444501,0.958919,1.622671,0.113833,30.171452,2.413757,0.209751,3.570134,,22.012348000000003,0.0,0.247625,1.36442,,7.497853,,0.859669,,,,,,,,,7.028268,22.944392,8.360147000000001,19.195173999999998,0.113833,1.622671,30.171452000000002,560.4202610000001,0.209751,,0.958919,2.413757,6.076765,,0.476209,,602.171201,0.0
79096367600082,close,5,burst-second,7.75,,,419.471617,1.02625,,,0.336917,,0.400958,,,,,,,1.02625,0.0,4.942583,,,0.33691699999999997,2.546208,,0.205625,,0.9640839999999999,0.474792,1.370542,406.495244,0.102083,0.193875,0.9742499999999998,3.1349169999999997,,,,,,,,,,,,,,,0.143,414.237742,,0.0
79096367600082,open,5,burst-second,43.234,61.774909,599.025612,604.493,5.918974,21.416263,0.25575,0.185459,0.18925,0.467293,0.43896,1.119045,0.059833,21.68718,3.4333,0.394335,5.918974,,33.438584999999996,0.0,0.25575,0.185459,,21.416263,,0.18925,,,,,,,,,6.214849,15.286039,5.663431999999999,10.000734,0.059833,1.119045,21.68718,537.225995,0.394335,,0.43895999999999996,3.4333,4.924970999999999,,0.44141800000000003,,570.37133,0.0
79096367600083,close,5,burst-second,15.852,,,510.015095,2.047708,,,0.457333,,0.72325,,,,,,,2.047708,0.0,10.268831,,,0.45733300000000005,5.790916,,0.414959,,1.1585830000000001,0.5647920000000001,2.550916,488.42955800000004,0.1335,0.350208,1.3467509999999998,4.087166,,,,,,,,,,,,,,,0.156,499.282472,,0.0
79096367600083,open,5,burst-second,34.515,59.485777,599.494279,604.628458,3.416884,7.557019,2.20963,1.640004,3.529592,0.902627,0.55646,2.104381,0.098417,31.559998,5.363222,0.23225,3.416884,,24.392521000000002,0.0,2.20963,1.6400039999999998,,7.557019,,3.529592,,,,,,,,,8.438105,22.888309,10.086484,15.431998,0.098417,2.104381,31.559998,540.0035429999999,0.23225,,0.5564600000000001,5.3632219999999995,4.447927,,0.596001,,584.546741,0.0
79096367600084,close,1,single,7.494,,,478.954469,1.036707,,,0.278999,,0.280667,,,,,,,1.036707,0.0,4.595706,,,0.278999,2.318082,,0.181709,,0.8450829999999999,0.6094160000000001,1.031,463.32264299999997,0.167583,0.459667,1.40925,5.373289,,,,,,,,,,,,,,,0.17925,473.99534600000004,,0.0
79096367600084,open,1,single,17.811,44.626601,681.53448,688.908038,2.268505,6.270973,0.471751,0.240792,0.479959,0.956336,1.260253,6.375015,0.359043,18.453375,4.636136,0.379709,2.268505,,11.535651,0.0,0.471751,0.240792,,6.270973,,0.479959,,,,,,,,,7.199725,10.931149999999999,2.803881,4.314843,0.359043,6.375015,18.453375,636.9037950000001,0.379709,,1.2602529999999998,4.6361360000000005,6.6793059999999995,,0.5970850000000001,,675.330799,0.0
79096367600085,close,1,single,14.319,,,714.844029,1.808712,,,0.4005,,0.619209,,,,,,,1.808712,0.0,8.966519,,,0.4005,4.554385,,0.380501,,1.562336,0.592001,3.000256,692.2043590000001,0.141708,0.503418,1.345461,4.82476,,,,,,,,,,,,,,,0.142958,705.472261,,0.0
79096367600085,open,1,single,8.678,34.949202,551.494807,559.304532,1.016877,3.190632,0.313251,0.25675,0.295793,0.510626,0.860752,5.956763,0.457292,16.130327,4.812761,0.333459,1.016877,,5.920472,0.0,0.313251,0.25675,,3.190632,,0.29579300000000003,,,,,,,,,5.761430000000001,10.006272000000001,2.542547,3.385299,0.457292,5.956763,16.130326999999998,516.540563,0.333459,,0.860752,4.812761,7.137724,,0.5627920000000001,,552.4771010000001,0.0
79096367600086,close,1,single,13.609,,,446.644778,2.149792,,,0.352834,,0.386791,,,,,,,2.1497919999999997,0.0,8.964752,,,0.352834,4.706168,,0.251625,,1.160625,0.490042,1.299917,425.22481400000004,0.119375,0.647709,1.5582919999999998,6.325376,,,,,,,,,,,,,,,0.147875,437.566359,,0.0
79096367600086,open,1,single,16.008,32.786821,454.160315,459.278451,2.095338,6.241014,0.374376,0.243084,0.437543,0.629168,0.731418,2.232005,0.112251,15.340408,2.842256,0.439793,2.0953380000000004,,10.857897999999999,0.0,0.374376,0.243084,,6.241014,,0.437543,,,,,,,,,5.183676999999999,9.904729,4.027592,5.2370529999999995,0.112251,2.232005,15.340408,421.368703,0.439793,,0.731418,2.842256,4.5878429999999994,,0.44525099999999995,,447.86651,0.0
79096367600087,close,1,single,13.646,,,702.599764,2.436579,,,0.355375,,0.791499,,,,,,,2.436579,0.0,9.096943,,,0.355375,4.170951,,0.396708,,1.11154,0.946207,2.232538,675.812936,0.210042,0.532999,2.010454,8.023569,,,,,,,,,,,,,,,0.209041,692.1627830000001,,0.0
79096367600087,open,1,single,11.319,23.270129,883.007552,886.987809,1.516045,3.061922,0.410585,0.263084,0.318251,0.478543,0.444876,2.048754,0.073209,11.150731,2.484839,0.24425,1.516045,,6.715305,0.0,0.410585,0.263084,,3.061922,,0.31825099999999995,,,,,,,,,4.2298,6.740514,2.598547,3.442799,0.073209,2.0487539999999997,11.150731,859.731839,0.24425,,0.444876,2.484839,3.517215,,0.390792,,879.862128,0.0
79096367600088,close,1,single,8.508,,,419.837922,1.217374,,,0.349167,,0.424125,,,,,,,1.217374,0.0,5.635039,,,0.34916699999999995,2.767666,,0.318958,,0.847666,0.607417,1.5519580000000002,404.61001400000004,0.153083,0.295874,1.176917,4.0100810000000005,,,,,,,,,,,,,,,0.164916,414.050384,,0.0
79096367600088,open,1,single,8.256,25.547384,507.459178,511.94752,1.090419,2.811589,0.206667,0.167626,0.193668,0.332459,0.717252,1.706545,0.1145,12.152899,4.790301,0.270709,1.090419,,5.362010000000001,0.0,0.206667,0.167626,,2.811589,,0.193668,,,,,,,,,4.189009,7.774016,2.848756,3.6142570000000003,0.1145,1.706545,12.152899,481.908211,0.270709,,0.717252,4.790301,3.910424,,0.494293,,505.75550799999996,0.0
79096367600089,close,1,single,7.495,,,753.319265,0.928874,,,0.262624,,0.290583,,,,,,,0.928874,0.0,4.900455,,,0.262624,2.685956,,0.189125,,0.816624,0.46283300000000005,1.119874,739.541192,0.10875,0.5150410000000001,1.0487900000000001,4.07308,,,,,,,,,,,,,,,0.152625,748.267644,,0.0
79096367600089,open,1,single,7.51,19.139995,740.698531,746.165332,0.903335,2.567463,0.212209,0.176167,0.167042,0.266375,0.337251,1.004168,0.063917,10.467729,2.141879,0.201209,0.903335,,4.772009,0.0,0.212209,0.176167,,2.567463,,0.167042,,,,,,,,,3.717924,6.586722,2.838589,3.947549,0.063917,1.004168,10.467728999999999,721.5538270000001,0.201209,,0.33725099999999997,2.141879,4.711384,,0.638084,,740.68753,0.0
79096367600090,close,1,single,9.537,,,522.913083,1.25283,,,0.44229,,0.583207,,,,,,,1.2528299999999999,0.0,6.413275,,,0.44229,3.388783,,0.203625,,2.076911,1.064789,7.255148,487.547843,0.197625,0.871081,2.475661,10.459972,,,,,,,,,,,,,,,0.198874,514.49373,,0.0
79096367600090,open,1,single,7.342,20.521206,786.658321,792.400123,0.884835,2.72438,0.1955,0.1615,0.171584,0.287417,0.459334,1.186294,0.118167,11.024146,2.434672,0.218917,0.884835,,4.872884,0.0,0.1955,0.1615,,2.72438,,0.17158400000000001,,,,,,,,,3.8258829999999997,6.99718,2.77788,3.5675909999999997,0.11816700000000001,1.1862940000000002,11.024146,766.1289059999999,0.218917,,0.459334,2.434672,5.096927,,0.487917,,786.967279,0.0
79096367600091,close,1,single,12.577,,,696.11739,1.736458,,,0.842833,,0.452125,,,,,,,1.736458,0.0,8.044584,,,0.8428329999999999,3.955125,,0.26070800000000005,,0.987084,0.889875,1.886167,674.216305,0.239375,0.462625,2.009125,6.122585,,,,,,,,,,,,,,,0.238833,687.684015,,0.0
79096367600091,open,1,single,9.102,26.958631,455.16443,458.812519,0.968919,2.44313,0.210334,0.166459,0.260084,0.461376,0.637918,1.695337,0.172792,15.29511,3.666381,0.346209,0.968919,,6.657095,0.0,0.210334,0.166459,,2.44313,,0.260084,,,,,,,,,4.727634,9.883059,2.876797,4.13959,0.172792,1.695337,15.295110000000001,428.20146600000004,0.346209,,0.637918,3.666381,3.248964,,0.333375,,453.46276,0.0
79096367600092,close,1,single,11.654,,,405.775375,1.552831,,,0.381583,,0.626791,,,,,,,1.5528309999999999,0.0,7.332613,,,0.381583,3.842452,,0.3725,,0.83254,1.238707,1.972705,385.032241,0.195875,0.3745,1.826664,5.309783,,,,,,,,,,,,,,,0.504332,397.620638,,0.0
79096367600092,open,1,single,15.01,30.448507,677.689961,683.011052,1.943128,5.570175,0.375876,0.273542,0.27025,0.499543,0.602751,1.851795,0.083208,15.08165,2.300296,0.220709,1.943128,,9.928391,0.0,0.375876,0.27354199999999995,,5.570175,,0.27025,,,,,,,,,5.424258,9.488140999999999,3.534797,5.3866760000000005,0.083208,1.851795,15.08165,647.2374120000001,0.22070900000000002,,0.6027509999999999,2.300296,4.628508,,0.5790839999999999,,672.2272439999999,0.0
79096367600093,close,1,single,6.636,,,416.229784,0.789167,,,0.237959,,0.45125,,,,,,,0.7891670000000001,0.0,4.28625,,,0.237959,2.314875,,0.169541,,1.156,0.456709,3.153708,397.079619,0.125417,0.27025,1.566417,6.234249,,,,,,,,,,,,,,,0.148042,410.85215999999997,,0.0
79096367600093,open,1,single,10.157,25.326914,586.157345,591.42977,1.479377,3.445755,0.258375,0.235459,0.221167,0.391959,0.700418,1.792378,0.085417,13.019895,2.604796,0.214167,1.479377,,6.733219,0.0,0.258375,0.235459,,3.445755,,0.221167,,,,,,,,,5.084341,7.738512,2.883338,3.776214,0.085417,1.792378,13.019895,560.827639,0.214167,,0.700418,2.604796,4.594591,,0.570626,,584.0566759999999,0.0
79096367600094,close,1,single,8.822,,,428.365361,0.923248,,,0.249749,,0.47554,,,,,,,0.9232480000000001,0.0,4.9797389999999995,,,0.249749,2.774953,,0.268625,,0.8779980000000001,0.738915,1.7442460000000002,412.144187,0.174667,0.289333,2.194412,3.900533,,,,,,,,,,,,,,,0.160292,422.707831,,0.0
79096367600094,open,1,single,12.754,23.559155,546.733904,553.007703,1.249043,4.627965,0.224,0.134042,0.22425,0.325,0.331959,1.324626,0.116541,11.439932,2.446711,0.237584,1.249043,,7.792427,0.0,0.224,0.134042,,4.6279650000000006,,0.22425,,,,,,,,,4.152963,7.093676,2.848462,3.915255,0.11654099999999999,1.324626,11.439932,523.171457,0.237584,,0.331959,2.4467109999999996,5.848965,,0.357584,,545.0825679999999,0.0
79096367600095,close,1,single,16.486,,,476.902981,2.290536,,,0.435165,,0.845081,,,,,,,2.290536,0.0,10.509435,,,0.435165,5.640112,,0.495999,,1.241622,0.698207,4.62074,446.965256,0.200583,0.562999,2.734994,7.491191,,,,,,,,,,,,,,,0.175667,465.618965,,0.0
79096367600095,open,1,single,14.205,28.022744,802.802488,805.119825,2.421003,4.501006,0.350917,0.237833,0.262334,0.454209,0.519876,1.781544,0.111542,13.476059,2.334586,0.222042,2.4210030000000002,,9.337054,0.0,0.350917,0.237833,,4.501006,,0.262334,,,,,,,,,5.503381999999999,7.816135,3.235962,4.1486719999999995,0.111542,1.781544,13.476059,774.7752859999999,0.222042,,0.519876,2.334586,2.019502,,0.247875,,795.3934370000001,0.0
79096367600096,close,1,single,15.459,,,669.57005,2.115369,,,0.403416,,1.220081,,,,,,,2.1153690000000003,0.0,10.017058,,,0.403416,5.404319,,0.47558300000000003,,1.9742449999999998,0.595582,9.143768,635.4339719999999,0.162583,0.366833,1.810911,5.575777,,,,,,,,,,,,,,,0.191833,656.4955010000001,,0.0
79096367600096,open,1,single,10.214,26.259112,583.372979,586.294065,1.232793,3.712171,0.26875,0.276251,0.224917,0.394625,0.676417,1.641752,0.131,12.33768,4.300755,0.229167,1.2327929999999998,,6.726006999999999,0.0,0.26875,0.27625099999999997,,3.7121709999999997,,0.224917,,,,,,,,,4.622546000000001,7.501884,2.598337,3.574087,0.131,1.6417519999999999,12.33768,557.1088249999999,0.229167,,0.676417,4.3007550000000005,2.517419,,0.34054199999999996,,579.1060990000001,0.0
79096367600097,close,1,single,16.079,,,572.007708,1.974369,,,0.380666,,1.192247,,,,,,,1.9743689999999998,0.0,11.152887,,,0.380666,6.873232,,0.400416,,2.311452,0.6372899999999999,6.449858,539.8307120000001,0.160958,0.424416,1.6858710000000001,5.255527,,,,,,,,,,,,,,,0.157291,558.416036,,0.0
79096367600097,open,1,single,8.0,20.009978,427.19276,429.291304,0.995834,2.656586,0.246417,0.224334,0.177375,0.284376,0.507501,1.030251,0.063958,10.556678,2.276294,0.218666,0.995834,,5.27238,0.0,0.246417,0.224334,,2.656586,,0.177375,,,,,,,,,3.655212,6.7277569999999995,3.056045,4.153879,0.063958,1.030251,10.556678,407.17957299999995,0.218666,,0.507501,2.276294,1.803585,,0.246501,,423.77954800000003,0.0
79096367600098,close,1,single,11.577,,,421.36599,1.407622,,,0.310166,,0.764581,,,,,,,1.4076220000000002,0.0,6.573026,,,0.310166,3.273241,,0.399791,,0.978998,0.6509980000000001,2.420827,397.48900699999996,0.196791,0.608749,2.397994,8.494479,,,,,,,,,,,,,,,0.237791,414.098007,,0.0
79096367600098,open,1,single,15.077,36.386034,463.856965,470.231054,1.511334,7.160465,0.313542,0.277208,0.382709,0.504708,0.658167,1.690543,0.265334,19.802977,2.829753,0.271375,1.511334,,10.834052,0.0,0.313542,0.277208,,7.160465,,0.382709,,,,,,,,,5.489046999999999,14.050388000000002,3.92842,4.872796,0.265334,1.690543,19.802977,427.467348,0.271375,,0.6581670000000001,2.829753,5.826255,,0.43875,,459.01725300000004,0.0
79096367600099,close,1,single,9.302,,,633.29829,1.076247,,,0.27429,,0.51479,,,,,,,1.0762470000000002,0.0,6.649064999999999,,,0.27429000000000003,4.062113,,0.308124,,1.431579,0.809039,3.580406,606.2937,0.22983199999999998,0.637915,2.496701,8.995516,,,,,,,,,,,,,,,0.241666,625.6502290000001,,0.0
79096367600099,open,1,single,7.608,18.461766,527.389566,532.195612,0.908418,2.846752,0.190875,0.164333,0.167625,0.272751,0.469792,1.024751,0.048458,9.650966,1.975877,0.215792,0.9084180000000001,,5.0220460000000005,0.0,0.190875,0.164333,,2.846752,,0.167625,,,,,,,,,3.649503,5.84013,2.583918,3.378586,0.048458,1.024751,9.650966,508.9233,0.215792,,0.469792,1.9758769999999999,4.078628,,0.626251,,526.56494,0.0
79096367600100,close,1,single,15.934,,,20.491183,2.10741,,,0.469581,,1.06183,,,,,,,2.10741,0.0,9.293054,,,0.469581,4.6737340000000005,,0.45237299999999997,,1.7834100000000002,,6.058314,,,,,,,,,,,,,,,,,,,,0.282249,8.814513000000002,,0.0
79096367600100,open,1,single,13.885,25.555143,448.8595,451.448836,2.006251,5.148545,0.240084,0.20175,0.279042,0.381084,0.527083,1.285001,0.124666,11.421257,2.628168,0.21125,2.006251,,9.285089,0.0,0.240084,0.20175,,5.148545,,0.27904199999999996,,,,,,,,,3.761003,7.437296999999999,2.8966689999999997,3.9082109999999997,0.124666,1.285001,11.421256999999999,423.301191,0.21125,0.212251,0.527083,2.628168,,2.042835,0.170125,,442.009746,0.0
79096367600101,close,1,single,16.555,,,21.685938,2.181243,,,0.563957,,1.002747,,,,,,,2.181243,0.0,10.707218999999998,,,0.563957,5.844608,,0.459082,,1.891536,,5.683858,,,,,,,,,,,,,,,,,,,,0.276166,8.773058,,0.0
79096367600101,open,1,single,13.843,30.59351,653.060008,655.463049,1.779959,4.607126,0.399833,0.250001,0.439125,0.628167,0.565792,2.110334,0.112334,15.666963,2.616501,0.257625,1.779959,,9.090794,0.0,0.39983300000000005,0.25000100000000003,,4.607126,,0.439125,,,,,,,,,5.485042999999999,9.986087,3.144834,4.389085,0.112334,2.110334,15.666962999999999,622.459164,0.257625,0.240042,0.5657920000000001,2.6165010000000004,,1.855125,0.17133299999999999,,646.137547,0.0
79096367600102,close,1,single,14.011,,,13.871439,2.089414,,,0.553583,,0.412541,,,,,,,2.089414,0.0,9.71832,,,0.5535829999999999,5.387784,,0.232041,,0.8415819999999999,,2.43908,,,,,,,,,,,,,,,,,,,,0.153042,3.875744,,0.0
79096367600102,open,1,single,12.99,28.640051,446.017989,448.511114,1.78,4.240085,0.347667,0.203458,0.308834,0.526625,0.424292,1.971001,0.1075,14.577629,2.889167,0.230542,1.78,,8.121961,0.0,0.34766699999999995,0.203458,,4.240085,,0.308834,,,,,,,,,5.24446,9.165711,3.157834,4.062001,0.1075,1.971001,14.577629,417.37498,0.230542,0.23608400000000002,0.42429199999999995,2.889167,,1.9736259999999999,0.150125,,440.010945,0.0
